#Node	k	network_signs	integer_encoded_BF	model_PMID
Fgf8	3	iaa	16	20862356
Sp8	2	ia	4	20862356
Emx2	4	aiii	128	20862356
Coup_fti	2	ii	8	20862356
Pax6	3	iia	64	20862356
Toll	1	a	1	23868318
Spz	1	i	2	23868318
Pelle	1	a	1	23868318
Tube	1	a	1	23868318
MyD88	1	a	1	23868318
Targets	2	aa	7	23868318
Dif	1	i	2	23868318
Dorsal	1	i	2	23868318
Cactus	2	ia	14	23868318
YOX1	2	aa	1	18463633
MBF	1	a	1	18463633
SBF	4	aaii	2184	18463633
ACE2	1	a	1	18463633
SFF	2	aa	1	18463633
SWI5	1	a	1	18463633
HCM1	2	aa	1	18463633
CLN3	4	aaii	8	18463633
YHP1	2	aa	7	18463633
B	1	a	1	21563979
M	3	aii	8	21563979
C	1	i	2	21563979
Lm	4	iaaa	7936	21563979
P	1	a	1	21563979
A	2	aa	1	21563979
L	3	iaa	16	21563979
Rm	3	iia	213	21563979
R	2	ii	8	21563979
Am	2	aa	7	21563979
CycA	6	iiaaia	922121403912683520	16873462
E2F	4	iiai	40992	16873462
Cdc20	1	a	1	16873462
Cdh1	4	aiia	50431	16873462
UbcH10	5	aaaaa	4279631701	16873462
Rb	5	iiiia	3489681408	16873462
CycB	2	ii	8	16873462
p27	5	iiiaa	3489677312	16873462
CycE	2	ai	2	16873462
CycD	1	a	1	16873462
Pnt	1	a	1	23868318
Rl	2	aa	1	23868318
Dsor1	1	a	1	23868318
Targets	2	ia	4	23868318
Aop	1	i	2	23868318
Raf	4	aaaa	1	23868318
Ras	2	ai	2	23868318
Sos	1	a	1	23868318
Drk	1	a	1	23868318
Pvr	3	aaa	127	23868318
ERK1_2	4	aaaa	32767	24970389
ERBB3	4	aiai	8352	24970389
PDK1	4	aaaa	32767	24970389
MEK1_2	4	aaaa	32767	24970389
PKCa	2	aa	7	24970389
PLCg	4	aaaa	32767	24970389
ERBB1	5	aaiia	1086374080	24970389
ERBB2	4	aiii	128	24970389
AKT	4	aaaa	32767	24970389
mTOR	2	aa	7	24970389
p70S6K	4	aaaa	32767	24970389
Ci_rep	6	aaaaaa	1	23868318
SuFu	1	i	2	23868318
Cos	2	ia	14	23868318
Ptc	1	i	2	23868318
Hh	8	aaaaaaaa	1	23868318
Ci_act	6	aiaaaa	18446742901183475438	23868318
Dally	1	a	1	23868318
Dlp	1	a	1	23868318
Fu	1	a	1	23868318
Smo	3	aia	14	23868318
Targets	2	ai	2	23868318
MEK1_2	4	aaaa	32767	24970389
ERBB2	6	aiiiaa	8070450536274460672	24970389
ERBB1	5	aaaii	143165576	24970389
ERBB3	4	aaii	2184	24970389
PDK1	5	aaaaa	2147483647	24970389
PLCg	5	aaaaa	2147483647	24970389
AKT	4	aaaa	32767	24970389
mTOR	3	aaa	127	24970389
PKCa	2	aa	7	24970389
p70S6K	4	aaaa	32767	24970389
ERK1_2	4	aaaa	32767	24970389
mTOR	2	aa	7	24970389
AKT	5	aaaaa	2147483647	24970389
ERBB2	6	aaiaii	576610288166537216	24970389
ERBB1	5	aaiia	1086374080	24970389
PDK1	4	aaaa	32767	24970389
ERK1_2	2	aa	7	24970389
MEK1_2	5	aaaaa	2147483647	24970389
PKCa	3	aaa	127	24970389
PLCg	4	aaaa	32767	24970389
ERBB3	5	aaiai	547397792	24970389
p70S6K	5	aaaaa	2147483647	24970389
IL9	6	iaaiaa	1157442902578692096	26090929
IL4	7	aiaiaai	67791662187920495757537385041025302528	26090929
IL2	6	iiiaia	5476377148023373824	26090929
IL10	6	aaaaaa	1116628820770623487	26090929
TGFB	4	aiaa	30197	26090929
IFNG	10	iiaaiiiiai	22471164185778948855752546770550308308386192307371611979622284161708297187329704883936095175309572449355632760695221798846742689433535281286450330091951616676813828434538403768082475623639591907534471291131526992867637426037354515937353905044739017362231633565946048241324586489296797945548565924888897912832	26090929
IL21	9	aiiiaaiia	3391386709340869769654329819447099635694632018527366782241157851588610367418410346005703064974226400016069366281383135579307915694160747048371635332579328	26090929
RORGT	6	iiiaia	288230376151711744	26090929
BCL6	4	iaii	2048	26090929
FOXP3	5	aaiia	4194496	26090929
TBET	7	iiaiiia	85074485952878516986565049730188967936	26090929
GATA3	8	iaiaiaii	55213970774327845060658612077684707382919441985996756429971012724981760	26090929
APC	1	i	2	23868318
Dsh	3	aai	42	23868318
Arm	7	aaaaaia	20203181445841325826244859658494	23868318
Sgg	1	i	2	23868318
Axin	1	i	2	23868318
Fz	2	aa	1	23868318
Targets	6	iaaaaa	4294967296	23868318
Pan	2	ai	2	23868318
Nemo	1	a	1	23868318
Dlp	2	ai	2	23868318
Arr	1	a	1	23868318
Dally	2	ai	2	23868318
Dkk1	3	aia	93	23056457
Mesp1	2	ai	2	23056457
canWnt	1	a	1	23056457
exogen_BMP2_II	1	a	1	23056457
Bmp2	2	ia	4	23056457
Foxc1_2	2	aa	1	23056457
exogen_canWnt_II	1	a	1	23056457
Isl1	5	aaaaa	2139062271	23056457
Fgf8	3	aia	76	23056457
Tbx1	1	a	1	23056457
Nkx2_5	7	aaaaaaa	158798448673953643329008280872824078335	23056457
Tbx5	6	iiaaia	5533873685095514112	23056457
GATAs	3	aaa	127	23056457
exogen_CanWnt_I	1	a	1	23056457
APC/C	5	aiaai	1057013504	26340681
MYB77	4	aaii	2574	26340681
E2Fe	6	aaaaaa	18389322886389432315	26340681
E2Fa	4	aaai	48048	26340681
RBR	5	iaaai	867894027	26340681
MYB3R1/4	4	aiaa	21877	26340681
CYCD3;1	1	i	2	26340681
KRP1	5	iaaaa	1061109546	26340681
E2Fc	6	aaiaii	1085314523353549519	26340681
E2Fb	2	ai	2	26340681
CDKB1;1	7	aaiiaai	84069761279059502970641273758683184959	26340681
SCF	6	iaaiai	3727630269709025280	26340681
CYCB1;1	8	iaaiiaai	28607457354516630701703606552751400985576695523429513333045241432489070690304	26340681
CYCA2;3	3	iaa	112	26340681
Meta2	10	aiaiaaaaaa	234074626935197380570481942917321235406084025506346677380050066947845837433276071061899412237852122839861545689081499535275190516065856114425842471407831230569890935736373045689690468267848925361775965941627842956078999592476561967233778047957311947951950070396908495325218526025351848211584496076419235840	23171249
XylSh	6	iaaiaa	68719476736	23171249
RpoH	1	a	1	23171249
RpoS	1	a	1	23171249
Crc	2	ai	2	23171249
ProX	2	ia	4	23171249
XylS	1	a	1	23171249
Upper	8	iaaiiaia	22835963083295358096932575511191922182123945984	23171249
Meta	9	aiaaaaaaa	17458083242112756398759443216740330592565712689760008012318546743714875236041547677894865755224174857549158633040950657519094766513248532052697604423680	23171249
PtsN	2	ia	4	23171249
XylR	3	iia	64	23171249
TurA	1	a	1	23171249
PprA	1	a	1	23171249
IHF	1	a	1	23171249
Dopamine_Receptor_2	1	a	1	17010384
Dopamine	2	ia	4	17010384
Adenylate_cyclase	2	ai	2	17010384
Dopamine_Receptor_1	1	a	1	17010384
COMT	1	a	1	17010384
Exocytosis	1	a	1	17010384
Packaging_Proteins	1	a	1	17010384
DARPP32	2	ia	4	17010384
Protein_Kinase_A	1	a	1	17010384
Calcineurin	1	a	1	17010384
Tryosine_hydroxylase	1	a	1	17010384
Glutamate	1	a	1	17010384
Phospholipase_C	1	a	1	17010384
Calcium	2	aa	7	17010384
Glutamate_Receptor	3	aai	2	17010384
Protein_Phosphatase_1	1	i	2	17010384
STAT5	1	a	1	26751566
IL-2R	1	a	1	26751566
IL-21R	1	a	1	26751566
Blimp1	6	iiaaia	5533798042131496960	26751566
Irf4	4	iaaa	32597	26751566
Bcl6	7	aiiiaaa	158178131498404988884704354616177852416	26751566
Bach2	2	ia	4	26751566
Pax5	4	iiia	53248	26751566
ERK	1	a	1	26751566
STAT3	1	a	1	26751566
CD40	1	a	1	26751566
BCR	1	a	1	26751566
STAT6	1	a	1	26751566
IL-4R	1	a	1	26751566
NF-kB	1	a	1	26751566
XBP1	2	ai	2	26751566
AID	4	iaia	22272	26751566
PI3K	1	a	1	23134720
Ras	1	a	1	23134720
PTEN	1	i	2	23134720
ROS	2	ia	4	23134720
Mdm2	3	aia	76	23134720
p53	2	ai	2	23134720
ATM	1	a	1	23134720
Akt	1	a	1	23134720
Bad	1	i	2	23134720
GSK3b	1	i	2	23134720
Nrf2	3	aia	223	23134720
PKC	2	ia	4	23134720
Keap1	3	iaa	112	23134720
ARE	4	iiia	16384	23134720
Bach1	1	i	2	23134720
Bcl2	2	ii	8	23134720
PIP3	2	ai	2	23134720
PIP2	1	a	1	23134720
IFNG	3	iii	128	22102804
P2	3	iaa	112	22102804
SMAD	2	ia	4	22102804
Apoptosis	2	aa	7	22102804
DISC	4	iaai	12032	22102804
Fas	2	ii	8	22102804
FLIP	2	ii	8	22102804
Ceramide	3	iai	32	22102804
BID	2	ii	8	22102804
MCL1	2	ii	8	22102804
S1P	2	ii	8	22102804
Caspase	4	iaai	15104	22102804
IAP	2	ii	8	22102804
GPCR	2	ia	4	22102804
sFas	2	ia	4	22102804
CREB	2	ia	4	22102804
CTLA4	2	ia	4	22102804
TCR	2	ii	8	22102804
Psh	2	ia	4	23868318
Viru_Fact	2	aa	7	23868318
Sphinx	1	a	1	23868318
Grass	1	a	1	23868318
Spd	1	a	1	23868318
Ndl	1	a	1	23868318
SPE	5	aaaaa	2147483647	23868318
Spirit	1	a	1	23868318
Easter	2	aa	1	23868318
PGRP_SD	1	a	1	23868318
DAP	1	a	1	23868318
Snk	1	a	1	23868318
Gd	1	a	1	23868318
Spz	1	a	1	23868318
ModSP	4	aaaa	32767	23868318
GNBP3	1	a	1	23868318
PGRP_SA	1	a	1	23868318
GNBP1	1	a	1	23868318
IL4	2	ai	2	16542429
GATA3	3	aai	42	16542429
STAT1	2	aa	7	16542429
JAK1	2	ai	2	16542429
IFNbR	1	a	1	16542429
Tbet	3	iaa	112	16542429
STAT6	1	a	1	16542429
IL10R	1	a	1	16542429
IL10	1	a	1	16542429
IFNgR	1	a	1	16542429
SOCS1	2	aa	7	16542429
NFAT	1	a	1	16542429
IL12R	1	a	1	16542429
IL4R	2	ai	2	16542429
IRAK	1	a	1	16542429
IL18R	2	ai	2	16542429
IFNg	5	aaiaa	1894838512	16542429
STAT3	1	a	1	16542429
STAT4	2	ia	4	16542429
PP2A	2	ia	4	26616283
PP1	3	iii	128	26616283
ENSA	1	a	1	26616283
STMN	1	i	2	26616283
AURKAActive	7	aaaaaia	1730739210446479754268664540449996	26616283
WEE1	1	i	2	26616283
PLK1	5	aaaia	1146093567	26616283
Cytokinesis	2	ia	4	26616283
SpindleAssembly	2	ai	2	26616283
CentrosomeMat	2	ai	2	26616283
hCPEB	1	a	1	26616283
NEDD9	1	a	1	26616283
MT	1	i	2	26616283
GWL_MASTL	2	ai	2	26616283
TPX2	1	a	1	26616283
AURKAPresent	1	i	2	26616283
CDC25B	3	aia	76	26616283
BORA	3	aai	50	26616283
CDK1CCNBComplex	4	aiai	45296	26616283
SidA	2	ai	2	25908096
HapX	2	ai	2	25908096
SreA	2	aa	1	25908096
Yap1	1	a	1	25908096
ROS	6	aaaiaa	3745868986625228799	25908096
hapX	1	i	2	25908096
LIP	5	aaaaa	340791	25908096
FCplusFe	2	aa	1	25908096
FCminusFe	1	a	1	25908096
ICP	3	aia	76	25908096
VAC	2	aa	1	25908096
ThP	1	a	1	25908096
TAFC	1	a	1	25908096
EstB	1	i	2	25908096
MirB	2	ai	2	25908096
RIA	1	i	2	25908096
CccA	1	i	2	25908096
sreA	1	i	2	25908096
Cat1/2	2	ia	4	25908096
SOD2/3	1	a	1	25908096
RPS6	2	aa	7	24970389
p70S6K	4	aaii	2184	24970389
ERBB2	5	aiiai	536911872	24970389
BAX	1	a	1	24970389
CyclinD1	5	aaaaa	2147483647	24970389
ERK1_2	3	aaa	127	24970389
cJUN	2	ai	2	24970389
AKT	6	aaaaai	3074457345618258602	24970389
RB	3	iaa	112	24970389
CyclinB1	2	ai	2	24970389
p53	4	aaaa	32767	24970389
ERBB3	5	aiiaa	1879109632	24970389
PTEN	3	aia	76	24970389
ERBB1	6	aaaiia	4665941148055945408	24970389
TSC2	5	iiiaa	1879048192	24970389
GSKa_b	2	aa	7	24970389
PRAS	3	iaa	112	24970389
p38	2	aa	7	24970389
Nfkb	1	a	1	24970389
cRAF	4	aaai	10922	24970389
FOXO1_3a	2	ia	4	24970389
GSK3a_b	3	aaa	127	24970389
CyclinD1	5	aaaia	1288490188	24970389
p53	6	aaaaaa	9223372036854775807	24970389
cJUN	2	ai	2	24970389
ERBB2	5	aiiai	536911872	24970389
AKT	5	aaaai	715827882	24970389
PTEN	2	ia	4	24970389
ERBB3	6	aiiiaa	8070450536274460672	24970389
ERBB1	4	aiia	16576	24970389
p70S6K	5	aiaii	134252544	24970389
PRAS	2	ia	4	24970389
Nfkb	1	a	1	24970389
TSC2	4	iiia	16384	24970389
ERK1_2	2	aa	7	24970389
RPS6	2	aa	7	24970389
p38	2	aa	7	24970389
RB	3	iaa	112	24970389
CyclinB1	4	aaai	10922	24970389
cRAF	4	aaai	10922	24970389
BAX	1	a	1	24970389
FoxO1_3a	2	ia	4	24970389
ERBB2	6	aaiiai	2306018933758533632	24970389
BAX	2	aa	7	24970389
ERK1_2	4	aaaa	32767	24970389
ERBB1	4	aiia	16576	24970389
CyclinB1	3	aia	76	24970389
cRAF	6	aaaiia	4665941148055945408	24970389
TSC2	5	iaiia	1086324736	24970389
GSKa_b	2	aa	7	24970389
AKT	7	aiaaaia	102084710012899009042358307410226970624	24970389
p53	4	aaaa	32767	24970389
PTEN	3	iaa	112	24970389
RB	5	iaiai	547356672	24970389
ERBB3	5	iaiia	1086324736	24970389
cJUN	2	ai	2	24970389
p70S6K	5	aaaii	143165576	24970389
PRAS	3	iaa	112	24970389
CyclinD1	6	aaaaia	5534023222112865484	24970389
FoxO1_3a	2	ia	4	24970389
Nfkb	3	aaa	127	24970389
RPS6	2	aa	7	24970389
p38	2	aa	7	24970389
NE	5	aaiia	12599488	22253585
IFNgI	2	aa	7	22253585
IL4I	1	a	1	22253585
IL10I	1	a	1	22253585
PIC	3	aii	8	22253585
AD	4	aiaa	13050	22253585
DCI	1	a	1	22253585
Th1I	1	a	1	22253585
EL	2	ia	4	22253585
EL2	3	aaa	21	22253585
DCII	1	a	1	22253585
IL4II	5	aaiaa	1358917887	22253585
TEL	2	aa	7	22253585
BC	2	aa	7	22253585
T0	1	a	1	22253585
IgA	2	aa	1	22253585
IL13	4	aaaa	24447	22253585
Th2I	1	a	1	22253585
EC	2	aa	7	22253585
IL5	2	aa	7	22253585
IgE	3	aaa	7	22253585
Th2II	3	aia	4	22253585
IL12II	3	aia	4	22253585
Th1II	3	aaa	1	22253585
IgG	1	a	1	22253585
RIP1	3	iaa	112	20221256
DISC-FAS	2	aa	1	20221256
CASP8	4	aiaa	28912	20221256
TNFR	1	a	1	20221256
cFLIP	1	a	1	20221256
NFkB	2	ia	4	20221256
XIAP	2	ai	2	20221256
SMAC	1	a	1	20221256
apoptosome	3	aai	2	20221256
Cyt_c	1	a	1	20221256
ATP	1	i	2	20221256
CASP3	2	ai	2	20221256
survival	1	a	1	20221256
BCL2	1	a	1	20221256
apoptosis	1	a	1	20221256
RIP1ub	2	aa	1	20221256
cIAP	3	aai	42	20221256
IKK	1	a	1	20221256
DISC-TNF	2	aa	1	20221256
RIP1k	1	a	1	20221256
MOMP	2	aa	7	20221256
ROS	3	aia	76	20221256
MPT	2	ia	4	20221256
BAX	2	ia	4	20221256
NonACD	1	i	2	20221256
CXCR4_H	4	aiii	128	27594840
CXCL12_M	4	iaii	2048	27594840
CXCR7_H	2	aa	1	27594840
Gfi1_H	3	aia	76	27594840
GCSF	1	a	1	27594840
FoxO3a_M	4	aiia	16576	27594840
Bcatenin_M	3	iii	128	27594840
ERK_M	3	aaa	127	27594840
PI3KAkt_M	3	aaa	127	27594840
ROS_M	3	iaa	16	27594840
Cx43_M	1	a	1	27594840
NfkB_M	5	aaaaa	1432319871	27594840
IL1	6	aaiiaa	8309409528899764208	27594840
TLR_M	1	a	1	27594840
NfkB_H	5	iaaaa	2004811776	27594840
TLR_H	1	a	1	27594840
FoxO3a_H	4	aiia	16576	27594840
PI3KAkt_H	7	aaiaaaa	170135991203223569244594417953325121536	27594840
ROS_H	3	iaa	16	27594840
GSK3B_H	1	i	2	27594840
GSK3B_M	1	i	2	27594840
lTLR	1	a	1	27594840
VCAM1_M	3	iaa	247	27594840
ERK_H	9	aaiaaiaaa	6232739508289220416551220177372487609228640093952705533961774959058840798400037453627987428492874492691231653530606859698588433217881109692778214993166336	27594840
VLA4_H	2	aa	1	27594840
Bcatenin_H	1	i	2	27594840
ERK1/2	2	ia	4	28361666
MEK1	1	a	1	28361666
ERBB2/3	1	a	1	28361666
EGFR/ERBB2	1	a	1	28361666
SP1	1	a	1	28361666
PIP3	2	ai	2	28361666
PIK3CA	3	aaa	127	28361666
SRF-ELK1	2	aa	1	28361666
RP6SKB1	4	aaai	15359	28361666
AKT	3	aaa	251	28361666
PDPK1	1	a	1	28361666
AR/AR	2	aa	7	28361666
AR/HSP	1	a	1	28361666
Raf	3	iaa	117	28361666
TMPRSS2	2	ai	2	28361666
BCL2	1	i	2	28361666
BAD	2	ii	8	28361666
EFGR	2	aa	7	28361666
CDK2-CyclinE	1	i	2	28361666
p21	1	i	2	28361666
TSC1/2	2	ii	13	28361666
PSA	2	ai	2	28361666
IRS1	2	ia	4	28361666
IGFR1A/B	1	a	1	28361666
mTOR	1	a	1	28361666
RHEB	1	i	2	28361666
Ras	1	a	1	28361666
GRB2/SOS	5	aaaai	1002159035	28361666
EC	1	a	1	22253585
Bb	2	ai	2	22253585
TrII	2	aa	1	22253585
DCII	1	a	1	22253585
T0	1	a	1	22253585
PIC	4	aaai	10922	22253585
IL10I	4	aaaa	14335	22253585
AP	6	aaaaaa	4294971665	22253585
DP	2	aa	1	22253585
IgG	2	aa	7	22253585
C	4	aaai	2619	22253585
Th1I	1	a	1	22253585
MPI	3	aaa	7	22253585
AgAb	3	aaa	7	22253585
IgA	3	aaa	7	22253585
IFNgI	5	aiiaa	1882255600	22253585
Oag	1	a	1	22253585
IL4I	1	a	1	22253585
IL4II	5	aiiaa	1342205952	22253585
Th2I	1	a	1	22253585
TTSSI	3	aii	8	22253585
TrI	1	a	1	22253585
NE	1	a	1	22253585
BC	2	aa	7	22253585
DCI	3	aaa	7	22253585
Th2II	3	aia	4	22253585
IL12II	3	aia	4	22253585
PH	2	aa	1	22253585
Th1II	3	aaa	1	22253585
TTSSII	1	a	1	22253585
IFNgII	1	a	1	22253585
IL12I	3	aia	4	22253585
IL10II	1	a	1	22253585
Farnesyl_pyrophosphate	2	ia	4	19025648
Geranyl_pyrophosphate	2	aa	7	19025648
FPP_Synthase	1	a	1	19025648
Acetyl_CoA_acetyltransferase	1	a	1	19025648
Acetyl_CoA_acetyltransferase_RNA	1	a	1	19025648
pSREBP	1	a	1	19025648
SREBP_SCAP	2	ai	2	19025648
HMG_CoA_Reductase_RNA	1	a	1	19025648
HMG_CoA_Reductase_gene	1	a	1	19025648
FPP_Synthase_RNA	1	a	1	19025648
FPP_Synthase_gene	1	a	1	19025648
Dimethyl_allyl_pyrophosphate	1	a	1	19025648
Isopentenyl_pyrophosphate	1	a	1	19025648
HMG_CoA_Reductase	2	ai	2	19025648
Statins	1	a	1	19025648
Insig_SREBP_SCAP	1	i	2	19025648
Cholesterol	2	aa	7	19025648
HMG_CoA_Synthase	1	a	1	19025648
HMG_CoA_Synthase_RNA	1	a	1	19025648
mSREBP	1	a	1	19025648
Mevalonyl_pyrophosphate	1	a	1	19025648
HMG_CoA	3	aaa	1	19025648
Acetoacetyl_CoA	2	aa	1	19025648
Acetyl_CoA	1	a	1	19025648
HMG_CoA_Synthase_gene	1	a	1	19025648
Lanosterol	1	a	1	19025648
Squaline	1	a	1	19025648
Septdehydrocholesterol	1	a	1	19025648
Cyp51_gene	1	a	1	19025648
Cyp51_RNA	1	a	1	19025648
Acetyl_CoA_acetyltransferase_gene	1	a	1	19025648
Desmosterol	1	a	1	19025648
Cyp51	1	a	1	19025648
Mevalonic_Acid	2	aa	1	19025648
Cas9	4	iaai	10752	19422837
Cas3	4	aaai	10922	19422837
IAP	4	iaia	17472	19422837
AKT	1	a	1	19422837
Cas12	1	a	1	19422837
Cas6	2	ai	2	19422837
APC	4	aaia	4	19422837
Cas8	3	aia	76	19422837
PI3K	1	a	1	19422837
GFR	1	a	1	19422837
PIP3	3	aai	2	19422837
JNK	1	a	1	19422837
JNKK	2	ia	4	19422837
p53	3	aai	42	19422837
Mdm2	2	aa	7	19422837
DNADamageEvent	1	a	1	19422837
NIK	1	a	1	19422837
TRAF2	2	aa	7	19422837
Mito	2	ia	4	19422837
BID	4	iaaa	5376	19422837
BclX	3	iai	32	19422837
FADD	1	a	1	19422837
TRADD	1	a	1	19422837
TNFR2	1	a	1	19422837
RIP	1	a	1	19422837
NFkB	1	i	2	19422837
MEKK1	1	a	1	19422837
Apaf1	1	a	1	19422837
PIP2	1	a	1	19422837
Apoptosis	1	a	1	19422837
A20	1	a	1	19422837
IkB	2	ia	4	19422837
IKK	3	iaa	112	19422837
cFLIP	1	a	1	19422837
TRAF	1	a	1	19422837
BAD	2	ia	4	19422837
Cas7	3	aai	42	19422837
TNFR1	1	a	1	19422837
PTEN	1	a	1	19422837
AnionEM	3	iaa	113	16968132
Ca2_c	3	iaa	112	16968132
ABI1	3	iai	32	16968132
pH	1	a	1	16968132
Depolar	5	aaaaa	4227858431	16968132
KEV	1	a	1	16968132
KOUT	4	aaai	251	16968132
HTPase	3	iii	128	16968132
Ca2_ATPase	1	a	1	16968132
InsP6	1	a	1	16968132
InsPK	1	a	1	16968132
cADPR	1	a	1	16968132
ADPRc	1	a	1	16968132
Closure	5	aaaai	42	16968132
KAP	3	iaa	50	16968132
Actin	2	ai	11	16968132
Malate	3	iia	64	16968132
Atrboh	4	iaaa	256	16968132
OST1	1	a	1	16968132
ROP2	1	a	1	16968132
cGMP	1	a	1	16968132
GC	1	a	1	16968132
ROP10	1	a	1	16968132
PA	1	a	1	16968132
PLD	1	a	1	16968132
InsP3	1	a	1	16968132
PLC	2	aa	1	16968132
NOS	1	a	1	16968132
ROS	1	a	1	16968132
CIS	4	aaaa	4383	16968132
CaIM	4	aiaa	61648	16968132
AGB1	1	a	1	16968132
GPA1	3	aia	13	16968132
RAC1	2	ii	8	16968132
PEPC	1	i	2	16968132
NO	2	aa	1	16968132
NIA12	1	a	1	16968132
RCN1	1	a	1	16968132
SphK	1	a	1	16968132
S1P	1	a	1	16968132
p53	4	aaai	10922	29206223
ATM	1	a	1	29206223
MDM2	2	ia	4	29206223
CHK1	1	a	1	29206223
CHK2	1	a	1	29206223
NFkB	2	ia	4	29206223
IKK	3	aaa	127	29206223
IkB	4	aiaa	21756	29206223
Akt	1	a	1	29206223
NIK	1	a	1	29206223
NEMO	1	a	1	29206223
p21	2	aa	7	29206223
HIF1	2	ai	2	29206223
PI3K	1	a	1	29206223
CEBPbeta	1	a	1	29206223
Elk1	1	a	1	29206223
AP1	2	aa	1	29206223
cJun	5	aaaaa	8323327	29206223
cFos	5	aaaaa	2147483647	29206223
IL6R	1	a	1	29206223
IL6	3	aaa	127	29206223
CDK4	2	ii	8	29206223
p16INK4	2	aa	7	29206223
CDK2	2	ai	2	29206223
E2F	3	aai	42	29206223
MKP1	1	a	1	29206223
MEK1_2	2	aa	1	29206223
GP130	1	a	1	29206223
ERK1_2	2	aa	1	29206223
p38	2	ai	2	29206223
MKK	2	aa	7	29206223
IRAK	3	aaa	127	29206223
MyD88	1	a	1	29206223
IL1R	1	a	1	29206223
pRB	2	aa	7	29206223
MEKK	1	a	1	29206223
TAK1	2	aa	7	29206223
TAB	2	aa	7	29206223
TRAF6	1	a	1	29206223
STAT3	4	aaaa	30591	29206223
JAK	2	ai	2	29206223
mTOR	1	a	1	29206223
IL1	1	a	1	29206223
RB	3	iii	128	29206223
ATR	1	a	1	29206223
Oncogene	2	aa	7	29206223
IL8	3	aaa	127	29206223
JNK	2	ai	2	29206223
SOCS3	1	a	1	29206223
ATM	1	a	1	24250280
FRS2	3	aii	8	24250280
FGFR3	3	aii	8	24250280
GRB2	3	aaa	127	24250280
SPRY	1	a	1	24250280
BCL2	2	aa	1	24250280
CREB	1	a	1	24250280
AKT	2	ai	2	24250280
RAS	2	aa	7	24250280
SOS	2	ai	2	24250280
PLCG	2	aa	7	24250280
RSK	1	a	1	24250280
MDM2	3	aia	76	24250280
p14	1	a	1	24250280
p53	3	aia	77	24250280
p38	5	iaaaa	2147424127	24250280
JUN	1	a	1	24250280
JNK	5	iaaaa	2147424127	24250280
MYC	3	aaa	21	24250280
MTK1	1	a	1	24250280
GADD45	2	aa	7	24250280
GAB1	2	aa	7	24250280
PI3K	3	aaa	31	24250280
MSK	2	aa	7	24250280
MAX	1	a	1	24250280
Apoptosis	4	iiaa	4096	24250280
FOXO3	2	ia	4	24250280
ERK	1	a	1	24250280
TAK1	1	a	1	24250280
TGFBR	1	a	1	24250280
EGFR	4	aiia	16576	24250280
PKC	1	a	1	24250280
PTEN	1	a	1	24250280
PDK1	1	a	1	24250280
ATF2	2	aa	7	24250280
RAF	4	iiaa	28672	24250280
MAP3K1_3	1	a	1	24250280
TAOK	1	a	1	24250280
DUSP1	1	a	1	24250280
SMAD	1	a	1	24250280
Growth_Arrest	1	a	1	24250280
p21	2	ia	4	24250280
FOS	4	aaaa	273	24250280
ELK1	3	aaa	127	24250280
Proliferation	3	aia	4	24250280
p70	2	aa	1	24250280
MEK1_2	4	iaia	19456	24250280
AP1	3	aaa	21	24250280
PPP2CA	1	a	1	24250280
AD	5	aaaii	524424	22253585
IgG	1	a	1	22253585
NE_TRetortaeformis	5	aaiia	12604885	22253585
MPI_Bacterium	3	aaa	7	22253585
BC_TRetortaeformis	2	aa	7	22253585
T0	2	aa	7	22253585
PIC	6	aaaaii	614891469123651720	22253585
AP	6	aaaaaa	4294971665	22253585
IL10I	2	aa	7	22253585
IgA_TRetortaeformis	2	aa	1	22253585
EC_Bacterium	1	a	1	22253585
EC_TRetortaeformis	2	aa	7	22253585
Th1II_Bacterium	3	aaa	1	22253585
DCII_Bacterium	1	a	1	22253585
IL12II	4	aaia	1092	22253585
IgG_Bacterium	2	aa	7	22253585
Th1I_Bacterium	1	a	1	22253585
Cb	4	aaai	2619	22253585
Bb	2	ai	2	22253585
AgAb_Bacterium	3	aaa	7	22253585
DCI_Bacterium	3	aaa	7	22253585
IFNg_Bacterium	5	aiiaa	1932787711	22253585
BC_Bacterium	2	aa	7	22253585
TTSSII	1	a	1	22253585
TTSSI	3	aii	8	22253585
Th2I_TRetortaeformis	1	a	1	22253585
Th2II_TRetortaeformis	3	aia	4	22253585
Oag	1	a	1	22253585
PH	2	aa	1	22253585
TrI_Bacterium	1	a	1	22253585
TrII	3	aaa	1	22253585
IL13	5	aaaaa	2013233151	22253585
EL	2	ia	4	22253585
EL2	3	aaa	21	22253585
Th2I_Bacterium	1	a	1	22253585
IL4II	8	aaaiiaaa	53825229008368646880413144062413591786695904350844421055384767065941738520575	22253585
Th2II_Bacterium	3	aia	4	22253585
IFNgI	3	aaa	127	22253585
DCII_TRetortaeformis	1	a	1	22253585
Th1II_TRetortaeformis	3	aaa	1	22253585
Th1I_TRetortaeformis	1	a	1	22253585
IL5	2	aa	7	22253585
IgE	3	aaa	7	22253585
DCI_TRetortaeformis	1	a	1	22253585
IL4I	1	a	1	22253585
IL10I_Bacterium	4	aaaa	14335	22253585
TNE	2	aa	7	22253585
NE_Bacterium	1	a	1	22253585
IgA_Bacterium	3	aaa	7	22253585
IFNgII	2	aa	7	22253585
DP	2	aa	1	22253585
TEL	2	aa	7	22253585
BID	5	iiaai	704643072	22102804
Caspase	6	iaaaia	71860777161588736	22102804
BclxL	6	iiiiaa	8070450532247928832	22102804
Apoptosis	2	aa	7	22102804
MCL1	6	iiaaaa	281474976710656	22102804
GZMB	4	iaaa	22272	22102804
TNF	2	ia	4	22102804
NFKB	6	iaaaaa	4557431162615627776	22102804
IL2	5	iaaai	715784192	22102804
TBET	3	iaa	112	22102804
NFAT	2	ia	4	22102804
STAT3	2	ia	4	22102804
FLIP	5	iaiaa	1349517312	22102804
DISC	6	iaaaia	3675731796164608	22102804
CREB	3	iaa	16	22102804
IFNG	7	iaaaiia	20040064622071666324044513280	22102804
TCR	3	iia	64	22102804
CTLA4	2	ia	4	22102804
PDGFR	3	iaa	112	22102804
S1P	3	iia	64	22102804
FasL	5	iaaaa	2147418112	22102804
ERK	3	iaa	16	22102804
ZAP70	3	iia	64	22102804
LCK	5	iaaai	721354752	22102804
FYN	3	iaa	112	22102804
sFas	3	iaa	16	22102804
FasT	2	ia	4	22102804
IL2RB	4	iaaa	5376	22102804
SPHK1	2	ia	4	22102804
TRADD	4	iiia	16384	22102804
IAP	3	iia	64	22102804
PI3K	3	iaa	112	22102804
A20	2	ia	4	22102804
RAS	4	iiaa	28672	22102804
GAP	6	iaiiaa	5764730668336545792	22102804
IL2RAT	4	iaaa	1792	22102804
PLCG1	3	iaa	112	22102804
GRB2	3	iaa	112	22102804
JAK	7	iiaaaai	56713727767337635567719542842932068352	22102804
IFNGT	4	iaaa	32512	22102804
SMAD	2	ia	4	22102804
P2	4	iaai	10752	22102804
Ceramide	3	iai	32	22102804
RANTES	2	ia	4	22102804
IL2RA	4	iaia	1024	22102804
Fas	4	iaai	512	22102804
GPCR	2	ia	4	22102804
TPL2	4	iaaa	14080	22102804
IL2RBT	3	iaa	16	22102804
P27	2	ia	4	22102804
SOCS	4	iiia	16384	22102804
Cytoskeleton_signaling	2	ia	4	22102804
MEK	2	ia	4	22102804
Proliferation	3	iia	64	22102804
Gal11p	1	a	1	19144179
MLS1	2	aa	7	19144179
Cat8p	2	aa	1	19144179
Sip4p	2	aa	1	19144179
MalRp	2	aa	1	19144179
MALR	1	i	2	19144179
maltose_int	2	aa	1	19144179
GAL7	1	a	1	19144179
GAL4	1	i	2	19144179
Mig3p	2	ai	2	19144179
MIG3	1	i	2	19144179
Snf1p	3	iaa	16	19144179
HXT3	2	ai	14	19144179
Rgt1p	3	aaa	19	19144179
Mth1p	5	aiiii	65274	19144179
MIG2	1	i	2	19144179
SIP4	1	a	1	19144179
Gal3p	2	aa	1	19144179
GAL3	1	i	2	19144179
galactose_int	2	aa	1	19144179
Rgt2p	2	aa	1	19144179
Mig1p	2	ai	2	19144179
PCK1	1	a	1	19144179
SFC1	1	a	1	19144179
GAL10	1	a	1	19144179
FBP1	2	aa	7	19144179
IDP2	1	a	1	19144179
MTH1	2	ia	14	19144179
Mig2p	1	a	1	19144179
Snf3p	2	aa	1	19144179
MDH2	2	aa	7	19144179
Gal2p	1	a	1	19144179
MEL1	2	ai	11	19144179
Gal4p	2	ai	2	19144179
CAT8	1	i	2	19144179
HXT4	3	iai	224	19144179
HXT2	2	ii	8	19144179
Std1p	5	iiiai	858927906	19144179
Yck1p	1	a	1	19144179
SCF_grr1	1	a	1	19144179
GAL5	1	a	1	19144179
HXT1	3	aia	236	19144179
MalTp	1	a	1	19144179
Gal1p	1	a	1	19144179
GAL1	2	ai	2	19144179
Gal80p	3	iia	64	19144179
Glc7Reg1	3	aaa	1	19144179
HXT8	1	i	2	19144179
MALS	2	ai	2	19144179
JEN1	1	a	1	19144179
SUC2	2	ii	8	19144179
ICL1	2	aa	7	19144179
4ORFs	1	i	2	19144179
HXT5	1	i	2	19144179
ACS1	1	a	1	19144179
MEC1	1	a	1	23233838
ESP1	1	a	1	23233838
MCD1-NUC	1	a	1	23233838
DesCyclinCCDK8	1	i	2	23233838
SLT2	5	aaaaa	4293918719	23233838
NDI1	1	a	1	23233838
MMI1	1	a	1	23233838
FVY10	1	a	1	23233838
MT-Frag	5	iiaaa	2136962901	23233838
MT-ALT	4	aaaa	32767	23233838
DRE2_TAH18	1	a	1	23233838
MDV1	1	a	1	23233838
FIS1	1	a	1	23233838
SDP1	1	a	1	23233838
PTP2	1	a	1	23233838
RLM1	2	aa	7	23233838
RAS2	2	aa	7	23233838
PKA	2	aa	7	23233838
ROS-MT	2	ai	2	23233838
SOD2	1	a	1	23233838
AIF1-NUC	1	a	1	23233838
AIF1-MT	1	a	1	23233838
KAP123	1	a	1	23233838
NUC1-MT	1	a	1	23233838
CytC-CYT	2	aa	7	23233838
CytC-MT	2	aa	7	23233838
CDC48	1	a	1	23233838
STM1-NUC	2	ia	4	23233838
STM1-CYT	1	a	1	23233838
Protosom	1	a	1	23233838
MCD1-MT	1	a	1	23233838
NMA111-NUC	1	a	1	23233838
NMA111-CYT	1	a	1	23233838
ROS-CYT	12	aaaiaaaaaaai	261097220353288126672938177679156095644991062261845945096058370820988476992882599573393990087330487239389362869354807379405286367520609394304524890851528542375449148994284234683113298985185860954019160702423091323923465556521052466501292874978117937422193362758730332826990673506712107789600888794489424784525909835715898596104276242834620519261842454484637378062407420415024518140846737790317090519375759175816236493962193546255043345643796163564102822920933744184193054557842625942274550910402550335369435266628863781997574556104580691930312039545096571556275099177994855573662172415968293776027591500109464830522988483288646862276462253040529984028757982972180363897326653583223792680559679634443590210803869799611283276685730578701155103463624435712989857243680889318094202330570473445679826748432281892875492955988746001541038104703738825390104534083423225986377595861682912337758304889657987451368893408395565750779130106787333822881024821437683212542205604027625704822372572924712867448571245912064431807691785645426412002038466782151624555759725299258527925119142589638986095964987447826564937736703705131141713154435225331893969476660946702862407989730253565171750140651091138114515191340374765617957248005193447331873161215	23233838
SVF1	1	a	1	23233838
SOD1	1	a	1	23233838
EMC4	1	a	1	23233838
SNO1	1	a	1	23233838
YCA1	7	aaaaaai	63802943797675961899382738893456539647	23233838
SRO7	1	a	1	23233838
BIR1	1	i	2	23233838
Tat-D	1	a	1	23233838
STE20-NUC	1	a	1	23233838
STE20-CYT	1	a	1	23233838
CAMP	2	aa	7	23233838
TOR1	1	a	1	23233838
AdenylateCyclase	2	aa	7	23233838
DNA-Frag	2	ia	13	23233838
MAPK	1	a	1	23233838
Apoptosis	11	aaaaaaaaaaa	32317006070366784560860260662752660744739268354798752006601328338543252180747149703702327152684985590453239920363193362178203671617062677000722322561973145942009465253402976455055638548461425875880286581881081768340443353333557578326413963585258943974499016862585163473357527740778769727472112052489876833416760476773484671420026986624677969372825685800043738785698937611904228161520292586595594165483326488034028933588918699116107894983883962801949113075363672574612281021262386516965674511209267326792907468164515129066130270137962477159251537191210235743590726405560224797948370725698913366538495868812859912749055	23233838
POR1-2	1	a	1	23233838
NUC1-NUC	1	a	1	23233838
HOG1-Dep	1	a	1	23233838
HOG1	3	aaa	253	23233838
CDC6	1	a	1	23233838
MSN2-4	1	a	1	23233838
PTP3	1	a	1	23233838
HOS3	1	a	1	23233838
RPD3	1	a	1	23233838
H2B	5	aaaaa	2147483647	23233838
KLF4	3	aaa	127	27148350
JNK	2	aa	7	27148350
ERK	1	a	1	27148350
AKT	1	a	1	27148350
MKK7	1	a	1	27148350
MEKK1	1	a	1	27148350
RAP1	1	a	1	27148350
C3G	1	a	1	27148350
RAF	2	aa	7	27148350
PKC	2	aa	7	27148350
RAS	1	a	1	27148350
Maff	3	aaa	127	27148350
ATF2	3	aaa	127	27148350
TrkA	1	a	1	27148350
PI3K	1	a	1	27148350
JUNB	3	aaa	127	27148350
G(i/o)	1	a	1	27148350
NPYY1	1	a	1	27148350
FAK	2	aa	7	27148350
Itga1	1	a	1	27148350
Egr1	3	aaa	127	27148350
Npy	1	a	1	27148350
AP1	4	aaaa	32767	27148350
SRF	1	a	1	27148350
RSK	1	a	1	27148350
GRB2	1	a	1	27148350
SHC	2	aa	7	27148350
SOS	1	a	1	27148350
CITED2	3	aaa	127	27148350
P53	3	aaa	127	27148350
CREB	3	aaa	127	27148350
JUND	2	aa	7	27148350
BTG2	2	aa	7	27148350
MSK1/2	2	aa	7	27148350
uPAR	1	a	1	27148350
KLF6	2	aa	7	27148350
FRS2	1	a	1	27148350
ETS1	2	aa	7	27148350
MEKK4	1	a	1	27148350
Mapk3k	1	a	1	27148350
ARC	2	aa	7	27148350
KLF5	3	aaa	127	27148350
RAC1	1	a	1	27148350
MEK	2	aa	7	27148350
MKK6	1	a	1	27148350
Ca2+	1	a	1	27148350
PLC	2	aa	7	27148350
uPA/PLAT	1	a	1	27148350
P38	2	aa	7	27148350
FOS	3	aaa	127	27148350
MYC	3	aaa	127	27148350
KLF10	3	aaa	127	27148350
Stat3	2	aa	7	27148350
DAG	1	a	1	27148350
Mmp3/10	1	a	1	27148350
Plasmin	1	a	1	27148350
ECM	1	a	1	27148350
Fosl1	3	aaa	127	27148350
ZFP36	2	aa	7	27148350
Dusp6	1	a	1	27148350
KLF2	3	aaa	127	27148350
IL8	2	aa	7	22962472
Erk	1	a	1	22962472
p38	4	iaaa	22357	22962472
PKC	3	iaa	16	22962472
DAG	1	a	1	22962472
Ca	1	a	1	22962472
Cdc42_Rac1	3	aaa	1	22962472
Akt	2	ai	2	22962472
DOCK180	1	a	1	22962472
Ras	1	a	1	22962472
MMP1_10	1	a	1	22962472
Plasmin	2	aa	1	22962472
Mkk6	1	a	1	22962472
MLK3	1	a	1	22962472
Elk1	2	aa	7	22962472
JNK	3	aaa	87	22962472
EGFR	2	aa	7	22962472
HBEGF	2	aa	7	22962472
PI3K	3	aaa	87	22962472
Integrins	1	a	1	22962472
ECM	1	a	1	22962472
uPA	1	a	1	22962472
uPAR	1	a	1	22962472
PAK1	1	a	1	22962472
Mkk3	1	a	1	22962472
CDKN2A	2	aa	7	22962472
ETS	1	a	1	22962472
IP3	1	a	1	22962472
CCL20	1	a	1	22962472
CRKL	1	a	1	22962472
Grb2	1	a	1	22962472
MET	1	a	1	22962472
Mekk7	1	a	1	22962472
Mkk4	3	aaa	127	22962472
PAK2	1	a	1	22962472
PLC_g	2	aa	7	22962472
Mekk1	1	a	1	22962472
ATF2	2	aa	1	22962472
STAT3	1	a	1	22962472
C3G	1	a	1	22962472
Mek	2	aa	7	22962472
Raf	3	aaa	1	22962472
Fak	3	aia	4	22962472
Rap1	1	a	1	22962472
PAK3	1	a	1	22962472
CREB	1	a	1	22962472
RSK	1	a	1	22962472
Shc	3	aaa	127	22962472
CTGF	2	aa	7	22962472
cFOS	1	a	1	22962472
CellMigration	4	aaaa	1	22962472
PTGS2	3	aaa	31	22962472
CDKN1A	1	a	1	22962472
cMYC	1	a	1	22962472
AP1	2	aa	1	22962472
cJUN	2	aa	1	22962472
Mekk4	1	a	1	22962472
CDK2	3	iia	84	22962472
CyclinD	2	aa	7	22962472
SOS	1	a	1	22962472
EGR1	1	a	1	22962472
Proliferation	2	aa	1	22962472
Apoptosis	1	a	1	26446703
CASP3	3	aai	42	26446703
CASP9	3	aii	8	26446703
CYTC	1	a	1	26446703
P21	4	iiaa	28672	26446703
IAP	3	aia	76	26446703
CASP8	3	iai	32	26446703
GSK3B	2	ii	8	26446703
AKT	3	iai	32	26446703
EP2	1	a	1	26446703
IFNG	2	aa	7	26446703
TH1	5	aiaii	134252544	26446703
CTL	2	ai	2	26446703
CYCLIND1	4	aiaa	28912	26446703
BCATENIN	2	ia	14	26446703
JUN	4	aaia	1092	26446703
STAT3	1	a	1	26446703
IL4	2	aa	7	26446703
TH2	3	iai	32	26446703
DC	3	aia	76	26446703
SMAD	2	ia	4	26446703
TGFR	2	ia	4	26446703
IKB	1	i	2	26446703
IKK	3	aaa	31	26446703
RAS	2	aa	7	26446703
GP130	1	a	1	26446703
BAX	4	iaaa	4864	26446703
TBID	2	ia	4	26446703
PP2A	2	ia	4	26446703
P53	4	aaia	19660	26446703
SMAD7	2	aa	7	26446703
NFKB	1	i	2	26446703
SPHK1	2	aa	7	26446703
TNFR	1	a	1	26446703
ERK	1	a	1	26446703
CCL2	1	a	1	26446703
JAK	2	ai	2	26446703
SOCS	1	a	1	26446703
IL6	3	aaa	127	26446703
MAC	3	aai	42	26446703
IL12	2	aa	7	26446703
FAS	1	a	1	26446703
TNFA	1	a	1	26446703
TGFB	1	a	1	26446703
COX2	2	aa	1	26446703
S1P	1	a	1	26446703
IL10	2	aa	7	26446703
Proliferation	4	iaai	512	26446703
FOS	1	a	1	26446703
ASK1	2	ia	4	26446703
ROS	2	ia	4	26446703
SOD	2	aa	7	26446703
CERAMIDE	2	ai	2	26446703
MOMP	4	aiaa	28912	26446703
BCL2	4	aiia	16576	26446703
ATM	1	a	1	26446703
CFLIP	1	a	1	26446703
SMAC	1	a	1	26446703
MDM2	4	aiia	64	26446703
SMASE	2	aa	7	26446703
FADD	2	aa	7	26446703
MEKK1	3	aaa	127	26446703
JNK	2	aa	7	26446703
TREG	3	aai	42	26446703
PGE2	1	a	1	26446703
PTEN	3	iia	64	26446703
RAF	2	aa	7	26446703
PI3K	3	aia	76	26446703
MEK	2	aa	7	26446703
saa	3	aaa	1	21968890
dum_cebp_saa	2	aa	7	21968890
stat3_ta	4	aiia	64	21968890
ir	2	ii	8	21968890
socs1	1	a	1	21968890
socs3	4	aaaa	32767	21968890
tdum_socs3_shp2	1	a	1	21968890
dum_mtorc1_or_pkcd_stat3_ta	2	aa	7	21968890
mtorc1	1	a	1	21968890
pkcd	1	a	1	21968890
crp	3	aia	4	21968890
cfos	1	a	1	21968890
irs1_py	3	iii	128	21968890
irs1_ps	2	aa	7	21968890
shp2	5	aaiii	128	21968890
shp2_a	4	aiai	32	21968890
casp9	1	i	2	21968890
akt	5	aaiai	32	21968890
plcg	1	a	1	21968890
gab1_mem_p	2	aa	1	21968890
var_app	2	aa	7	21968890
cebpd	1	a	1	21968890
cebpb	2	aa	7	21968890
ip3	1	a	1	21968890
mekk1	1	a	1	21968890
rac1	1	a	1	21968890
p38	1	a	1	21968890
erk12	1	a	1	21968890
mek1	1	a	1	21968890
cam_ca	1	a	1	21968890
ca	1	a	1	21968890
gp130s	2	ii	8	21968890
camk24	1	a	1	21968890
mk2	1	a	1	21968890
mtorc2	1	a	1	21968890
anti_apoptotic	4	iiia	16384	21968890
gsk3	1	i	2	21968890
bad	1	i	2	21968890
pro_proliferative	6	aiaiaa	17870133787824750591	21968890
p70s6k	3	aaa	127	21968890
fkhr	1	i	2	21968890
stat1_ta	4	aiia	64	21968890
dum_pkcd_camk24_stat1_ta	2	aa	7	21968890
stat1_py	5	iaaii	524288	21968890
stat3_py	5	iaaii	524288	21968890
il6rc_p	4	aaii	8	21968890
jak1	4	iiii	32768	21968890
vav	2	ai	2	21968890
il6rc	2	aa	1	21968890
dum_gp80_a_il6rc	2	aa	7	21968890
pro_hgf	2	aa	7	21968890
pip3	2	ai	2	21968890
gp80m_a	1	a	1	21968890
gp80s_a	2	ia	4	21968890
dum_il6rc_p_or_grb2_vav	2	aa	7	21968890
mek6	1	a	1	21968890
tdum_shp2_stat3_py	2	aa	7	21968890
tdum_shp2_stat1_py	2	aa	7	21968890
gab1_mem	3	aaa	55	21968890
grb2_sos	2	aa	7	21968890
ras	2	ai	2	21968890
ras_gap	2	ai	2	21968890
mek4	1	a	1	21968890
dum_gab1_kin_or_jak1_gab1_mem_p	2	aa	7	21968890
pi3k	3	aaa	59	21968890
raf1	1	a	1	21968890
cmyc	1	a	1	21968890
a2m_gfbg	2	ia	4	21968890
tdum_socs1_vav	1	a	1	21968890
tdum_shp2_il6rc_p	2	aa	7	21968890
junb	1	a	1	21968890
ship2d	1	a	1	19662154
gsk3	2	ai	14	19662154
p90rsk	2	aa	1	19662154
akt	5	aaaai	42	19662154
p70s6_1	2	aa	7	19662154
erk12	1	a	1	19662154
jnk	2	aa	1	19662154
rntre	2	aa	1	19662154
erbb11	10	aaaaiaaaaa	179769313444424326638834208574911969665452936927265147702692056800212479862746716130908047566134048480032005726706347683256491533977497035379295125732795961176764155979272124918559012818496474227482228407167329216933347497999760870405396360589119444144590157091673599774846193379917327215065406000480066994380	19662154
ccbl	1	a	1	19662154
shp2	1	a	1	19662154
gab1	3	aaa	127	19662154
cmyc	2	ia	4	19662154
nucerk12	2	ai	2	19662154
mtor_ric	1	a	1	19662154
pip3	3	aii	8	19662154
pi34p2	3	aia	4	19662154
rin1	1	a	1	19662154
ras	2	ia	4	19662154
pi3k	6	aaaaaa	1383505805528216371	19662154
ptend	1	a	1	19662154
bad	2	ai	14	19662154
pak1	3	aaa	21	19662154
ip3	1	a	1	19662154
plcg	1	a	1	19662154
raf1	4	iaaa	5376	19662154
aktd	1	a	1	19662154
vav2	3	aaa	7	19662154
mkk3	1	a	1	19662154
mlk3	1	a	1	19662154
mtor_rap	2	aa	1	19662154
rheb	1	i	2	19662154
ap1	2	aa	1	19662154
cfos	4	aaai	2602	19662154
cjun	1	a	1	19662154
mek12	2	aa	7	19662154
endocyt_degrad	2	aa	1	19662154
shp1d	1	a	1	19662154
p90rskerk12d	2	aa	1	19662154
erbb13	12	aaaaaiaaaaia	214379961148462407689805174732110137111385366701421914514510442029807456322487798759913699204311148668927337290238044248783482560473905678950286107954543010170381888265521823903824937284780458933560226177601392274204915421831935135785961820407170394581720031045673488473272682631448496534101093853754360876480163524723156509722277607135890986260588252009155600212696659505830777218252889709285338003318699326378543316805933640683405296537852178847204841212637167930603649460890477963479329289099014720776101105608830499043714618180073399452664403274884603450587771435630993676012473164760596593620359941380555932946499142319854951830070026079655875388450049465993846174581445880601169665894984396292994072865539659090803263850447649250811428113607130335743720976714435740057672546292305523491859407848150195638955647310165061740546660290958730747066976940737479950903739511382810654162691072388688077523740038617595889873949646456856932960596738947317144152361889735099651226987094625405059780416146431956376138014650165517953987968904074176131834961772708683191048106606208316542912734075598929836681253574184544927262557895692561924512173343078069248168597386446192993330113184320716	19662154
elk1	2	ai	2	19662154
erbb44	8	aaaaaaaa	13479973327298218163408328416664646464972880326916656801836064309247	19662154
limk1	1	a	1	19662154
sos1	3	aia	4	19662154
grb2	9	aaaaaaaaa	6703903964971298549787012499102923063739682910296196688861780721860882015036773488400937149083451713845015929093243025426876941405973284973216824503042047	19662154
nck	3	aaa	127	19662154
raccdc42	2	aa	7	19662154
stat5	3	aaa	7	19662154
erbb24	14	aaaaaaaaaaaaaa	383161877873559545132719939520114874996529505491185801080728931258375193721221843443178275440742183078264943958060706772999652154715065740972363316425679019807915857513230574560848240927946369083669805216867866041883045792101765691067972709877391899923521094181471994653802301374948815033462702764484988911402125504845748914079226654533939768107725677351926804597948717364153302708301070727170329464860996794313953313283400655246268656754719899202565327040399583251502788570729830269867449234257498816465448357894960036602138728813154327834448754763849648348978820624138263700760495100935904103136854785552776897820344524475757679508195295376887043203071125665924369612133859504608695450741569239217548473072571165284063482311234205743640874649156997430517164604830019938795902414839665636854160210498193707350069062271521978253831828305352744221799390874287358846088921808369483639730658536961155746003058627432815811521731865975736608779085219715017824775025936318877680486526594369276140021317954595491246183680918217922540871933316650323316145889655407982231079161296187844391199777668259474328037786606204330181741059930153196637542130297421843311249854793306514739607904809615159176889988017630818662565077252022134345773048852924670260698180991588738998963552425928472928328634997159040880911897222591132694312200612705688896867626414369065511577108563657084961300881275203514325993905147360098864682303791763209778170182350695643421302767744716610517353313293854974584929606873846084647482174461226063154898809769561768063950167269579559646043353431277434632153430273453557345534543603625568998360243280386579066660367563043832236832894139467120255958398863945766591820634420458523705684222007923007130089937891789902569885102731222631492489519809832257122714023881119545869268348049877057908715724590769474061791096453578550381309869117384474258174437956781670641873402059272586977308213811452620069381424193259724918483470060076075976456309305529721633156726476886289743710942981746583348416377981360495222740708950753211603070151524071445399702020620418588052148192911950470618561196203896711450867194691928174224046759039459255705930292302969377589336185212703713268087454383543020858720209461115293031190223940426282515639586053109978794858939916163681868694361908117185963182116436683149754837672264387503679039294127026013908277520737473014583698188524421692694752365557382010241126874264322914286250672893469065747690957106633948387883062997355911390030375247379832898627916174459636770716093149892067583109971745327212721070952390147120055718564889430033834884734142885751299853534366258053196438600761744089079346013607850670043140301019022817674631793220141580429512296225723947064709692006643615645571664167849591559648612963618163645745059484315685837757873460284190294291569692647676069593765214761107617025042086495913654754348120119395329561777144750514034642622781721116153549244291908477547848709745959530578606073175808925712465897867435379203627503261633968432853765024717715784155482244604506367895278247888395226111364294256524327473807890471317629376426224048531949549218687306214780437740664302699971970205471380156407914231204391448521510189189179408574417261947063645831374620346959649176053234038372317229064689588289401604410576389147000005779109239561972362068116331448405202100621204460537624949952357498166623377234487606199920294061720746617217579237684420536711131251638284348078255454289216473799971818203853428885607228340961074739057153868806886654222910599524066467531715241179942010772012388979658516065740888140177437281441881330780382810117349156631600984685753970466231711749123659589261311704011204276920231869696196984823382189514628260626069201065026546830242833944664731374673632922808435741925432558229403663066817449177208006250064872642733101881738997683138964691538731249064739068409646349126340705458329769464301992390575980175046194600445339830437756236764662030420467218111193798786522212109370715409775084423602451329019862770399378896008220262356895581231279053551114146224489111136500979082822164127365064106791442528357885792201209790543263031087295108393056871065151012109430473613937540310630697950635386262582052264160606556838780782528059222364182774281103048150257802080218893922882153154697648108278025122949215840555979825286091147422527101186577989985650561235529205750257236111823180245157512651910377575661634339698901590329374171719706681984915935275733356248503987291018704474466165493117808230227649107483180065826297570428620748756253174095373562949718853880360381888989336090590041000148996967778273558405087938445102876480066116086807127574904202753982509322761941290444611574575245088978106587852699060157624782650605567	19662154
mk2	1	a	1	19662154
p38	3	aaa	127	19662154
dag	1	a	1	19662154
shc	8	aaaaaaaa	57896044618658097711785492504343953926634992332820282019728792003956564819967	19662154
erbb34	7	iaaaaaa	604444463063240877801472	19662154
erbb14	12	aaaiaaaaaaia	68673039428453281110526621811579211297321711849119394033934142353739608005399303596370060604476179620033792004945834162067429546853638966294834738120356649932918510187614213223903435075396245551696091666870750048550075481272285276020559201212698825313375131883736276482785581768908300554861294652744401645122683505316203125295072790645685583222733187785604357556325678007208783897132722895551218250914956633170757226565586095094402568045443570991323729522542787572581462054001800769590755778396227361660336110601470894051392352157036643777368522363791593350391597290163184654366759815980814593854586808230724538835209642047908064583529018263187622684569466587137430270009006174452102768525828751574135739132884641430480019529258970176013773473296621914033911271791106458453881547448274367884029755541101651778959541102484533512618953254837448676563680529663012481059148960793974854067683113263950917308459074141889759564718774615248107158876326788072473022805383453491647035629042599159689100840166885457254919410161672658695172745548791808	19662154
erbb23	8	aaaaaaaa	3423913228328792196818997428435771646196854399740407364172095854477567	19662154
erbb12	9	aaaaaaaia	237252889972290509375828182058482648143647177527772643718840466055941447423207247683098468398484939265776037423966178780512772874170460989011525836	19662154
hsp27	1	a	1	19662154
mkk4	3	aaa	127	19662154
mkk6	1	a	1	19662154
mkk7	1	a	1	19662154
mekk1	1	a	1	19662154
p70s6_2	3	aaa	1	19662154
mekk4	1	a	1	19662154
shp1	1	a	1	19662154
pro_apoptotic	1	a	1	19662154
tsc1_tsc2	1	i	2	19662154
actinreorg	1	a	1	19662154
rab5a	2	ai	2	19662154
ca	1	a	1	19662154
stat3	2	aa	1	19662154
creb	2	aa	7	19662154
pkc	3	aaa	1	19662154
stat1	2	aa	1	19662154
rasgap	2	ai	2	19662154
sos1esp8e3b1	4	aaaa	1	19662154
gads	1	a	1	17722974
lat	1	a	1	17722974
mek	1	a	1	17722974
raf	1	a	1	17722974
cd28	1	a	1	17722974
pdk1	1	a	1	17722974
pip3	3	aii	8	17722974
bclxl	1	i	2	17722974
bad	1	i	2	17722974
creb	1	a	1	17722974
rsk	1	a	1	17722974
lckp2	2	aa	1	17722974
lckr	1	a	1	17722974
tcrb	2	ia	4	17722974
vav3	1	a	1	17722974
sh3bp2	2	aa	1	17722974
card11a	3	aaa	1	17722974
malt1	1	a	1	17722974
card11	1	a	1	17722974
bcl10	1	a	1	17722974
erk	1	a	1	17722974
mekk1	3	aaa	127	17722974
hpk1	1	a	1	17722974
rac1p2	2	aa	1	17722974
cdc42	1	a	1	17722974
pi3k	3	iaa	112	17722974
cblb	1	i	2	17722974
xx	1	a	1	17722974
ip3	1	a	1	17722974
plcga	6	iaaaaa	4294967296	17722974
pkcth	3	aaa	1	17722974
dag	2	ia	4	17722974
vav1	3	aaa	55	17722974
rac1r	1	a	1	17722974
sos	1	a	1	17722974
grb2	1	a	1	17722974
mkk4	2	aa	7	17722974
mlk3	2	aa	7	17722974
fyn	4	aaaa	4383	17722974
lckp1	5	aaiai	32	17722974
cd45	1	a	1	17722974
ikkab	2	aa	1	17722974
ikkg	2	aa	1	17722974
camk2	1	a	1	17722974
slp76	3	iaa	16	17722974
zap70	3	aia	4	17722974
gab2	4	aaaa	273	17722974
p27k	1	i	2	17722974
pkb	1	a	1	17722974
camk4	1	a	1	17722974
cam	1	a	1	17722974
cre	1	a	1	17722974
dgk	1	a	1	17722974
ras	3	iaa	16	17722974
rasgrp	1	a	1	17722974
gap	1	a	1	17722974
ccblp2	2	aa	1	17722974
ccblr	1	a	1	17722974
p21c	1	i	2	17722974
itk	3	aaa	1	17722974
jun	1	a	1	17722974
jnk	2	aa	7	17722974
sre	2	aa	7	17722974
Dummy	6	iaaaaa	4294967296	17722974
plcgb	1	a	1	17722974
shp1	2	ia	4	17722974
cyc1	1	i	2	17722974
gsk3	1	i	2	17722974
nfkb	1	i	2	17722974
ikb	1	i	2	17722974
fkhr	1	i	2	17722974
calpr1	1	a	1	17722974
ap1	2	aa	1	17722974
fos	1	a	1	17722974
csk	1	a	1	17722974
pag	2	ai	2	17722974
rlk	1	a	1	17722974
tcrlig	1	a	1	17722974
tcrp	3	aaa	21	17722974
abl	2	aa	7	17722974
ccblp1	2	aa	1	17722974
ca	1	a	1	17722974
ship1	1	a	1	17722974
akap79	1	a	1	17722974
rac1p1	2	aa	1	17722974
p38	2	ia	4	17722974
gadd45	1	a	1	17722974
pten	1	a	1	17722974
calcin	4	iiia	16384	17722974
cabin1	1	i	2	17722974
nfat	1	a	1	17722974
bcat	1	i	2	17722974
shp2	1	a	1	17722974
p70s	1	a	1	17722974
nfkb	3	iaa	16	21968890
p50	1	a	1	21968890
p65	2	ai	2	21968890
ikba	3	iaa	213	21968890
akt	3	aaa	1	21968890
pip3	2	ai	2	21968890
nc_nfkb_pathway	2	aa	1	21968890
nik	1	a	1	21968890
ikkaa	1	a	1	21968890
mek3	2	aa	7	21968890
mekk3	2	aa	7	21968890
tak1_tab	4	iaaa	256	21968890
tdum_tpl2_degr_tp2	1	a	1	21968890
tpl2_degr	1	a	1	21968890
tpl2	4	aiai	32	21968890
p105	1	i	2	21968890
irak1_ub	2	aa	1	21968890
pellino	2	aa	7	21968890
tollip	1	a	1	21968890
il1rc	3	aii	8	21968890
ikka_a	2	aa	1	21968890
ikkaa_nemo	2	aa	1	21968890
dum_mek3_or_4_or_6_nuc_p38	3	aaa	127	21968890
mek4	2	aa	7	21968890
mek6	2	aa	7	21968890
il1r2	2	ai	2	21968890
dum_il1_r2	2	aa	7	21968890
il1ra	3	aaa	87	21968890
ksrp	1	i	2	21968890
cyt_p38	2	aa	1	21968890
ikba_diss	1	a	1	21968890
saa	2	aa	1	21968890
dum_cebp_saa	2	aa	7	21968890
upa	2	aa	1	21968890
ap1	3	aaa	127	21968890
atf2	3	aaa	127	21968890
traf6_ub	5	iaiia	4194304	21968890
dum_irak1_or_2_traf6_ub	2	aa	7	21968890
hsp27_ps	1	a	1	21968890
a20	1	a	1	21968890
hgf	2	aa	1	21968890
pro_hgf	2	aa	7	21968890
ikkbb_nemo	2	aa	1	21968890
nemo	1	i	2	21968890
mk2	1	a	1	21968890
nuc_p38	2	ai	2	21968890
p105_degr	1	a	1	21968890
ikkb_a	2	aa	1	21968890
dum_il1_r1	2	aa	7	21968890
il1a	1	a	1	21968890
il1b	1	a	1	21968890
irak4	2	ai	2	21968890
myd88	1	a	1	21968890
tdum_il1r2_il1rc	1	a	1	21968890
erk12	2	ai	2	21968890
jnk	2	ai	2	21968890
il1b_new	2	aa	1	21968890
pro_il1b	4	aaaa	1	21968890
nalp_infl	1	i	2	21968890
il6	6	aaaiai	32	21968890
cebpb	2	aa	7	21968890
gsk3	1	i	2	21968890
ttp	1	i	2	21968890
dum_cebp_il1ra	2	aa	7	21968890
dum_sap1_or_elk_cfos	2	aa	7	21968890
sap1	3	aaa	127	21968890
elk1	3	aaa	127	21968890
tdum_irak1c_irak12	1	a	1	21968890
irak1c	2	aa	1	21968890
mek1	1	a	1	21968890
mkp1	1	a	1	21968890
il1r1	2	ai	2	21968890
cox2	4	aaaa	32767	21968890
cjun	2	aa	7	21968890
dum_cebp_cox2	2	aa	7	21968890
traf6	1	a	1	21968890
irak1	5	iaiaa	1048576	21968890
dum_cebp_pro_il1b	2	aa	7	21968890
cebpd	3	aaa	1	21968890
hnf4a	2	aa	1	21968890
ros	2	ii	8	21968890
sil1r_ap	1	a	1	21968890
tdum_mkp1_p38_jnk_erk12	1	a	1	21968890
tdum_cyt_p38_tak1_tab	1	a	1	21968890
irs1_ps	3	aaa	127	21968890
dum_mek4_or_7_jnk	2	aa	7	21968890
lbp	2	aa	1	21968890
dum_tak1_tab_or_mekk3_ikkb_a	3	aaa	55	21968890
dum_ikkab_or_ikkbb_nemo_ikkb_a	2	aa	7	21968890
cjun_gene	1	a	1	21968890
msk1	2	aa	7	21968890
dum_ikkab_nemo_akt_or_ck2_p65	3	aaa	55	21968890
ikkab_nemo	3	aaa	1	21968890
tdum_il1ra_ilr12	1	a	1	21968890
ccl2	4	aaaa	1	21968890
pi3k	2	aa	7	21968890
tdum_a20_traf6_ub	1	a	1	21968890
mek7	2	aa	7	21968890
inos	2	aa	7	21968890
irak2	4	iaaa	256	21968890
cfos	2	aa	1	21968890
tdum_hsp27_ps_traf6_ub	1	a	1	21968890
ikba_degr	4	aaaa	14335	21968890
il8	5	aaiai	32	21968890
Pax5_gene	3	aaa	84	28584084
Ebf1	1	a	1	28584084
Cebpa	2	aa	7	28584084
Cebpb	3	aaa	21	28584084
Mac1_gene	1	a	1	28584084
Spi1	9	aaaaaaaaa	893853861996175755091903525371208748255148705905871586544369153949044630645714386844472105274685874285537182850276378007269433730224976593275941280615967	28584084
Csf1r_activated	2	aa	1	28584084
Csf1r	2	aa	4	28584084
E2A_protein_active	2	aa	2	28584084
E2A	1	a	1	28584084
Id2	5	aaaaa	64	28584084
Spi1_2	8	aaaaaaaa	7717705310436796486164116918171584112185388310028889028038624141563227345169	28584084
Runx1	1	a	1	28584084
Gfi1	4	aaaa	30197	28584084
Foxo1	2	ia	5	28584084
Ikzf1	2	aa	7	28584084
Ebf1_gene	10	aaaaaaaaaa	486861366614074346484916862168516542303969165765248484399910417198020669810274014524538113145114539536483574028016559671305527593102643482042844201067023347231876842953986476657550491977677414007859536042468740506926192527551501823481581544441416515584	28584084
Ets1	1	a	1	28584084
Pax5_protein_active	2	aa	4	28584084
IL7r_activated	2	aa	1	28584084
Pax5	1	a	1	28584084
Mef2c	3	aaa	84	28584084
Egr1	4	aaaa	32607	28584084
IL7r	6	aaaaaa	1233723648051707904	28584084
CD19_gene	2	aa	4	28584084
Mac1	1	a	1	28584084
Cebpa_gene	3	aaa	16	28584084
Cd19	1	a	1	28584084
Foxo1_gene	3	aaa	84	28584084
E2A_gene	4	aaaa	1287	28584084
Flt3	3	aaa	4	28584084
ATR	4	aiaa	28912	22267503
ssDNARPA	6	aaaiai	538976416	22267503
CHKREC	7	iiiaiaa	329643350694937593913904043882583097344	22267503
FANCM	2	ia	4	22267503
ATM	3	aia	76	22267503
KU	4	iaii	2048	22267503
DSB	5	aaiia	1086374080	22267503
MRN	6	aiaaii	11010048	22267503
FANCD2I	6	aaaaai	573988187802122	22267503
NHEJ	9	iaiaaiaaa	17734138034088512522664846322546523351109947206685361269127464277808903043561439011102532866236909348218848468618227318297111821489757224960	22267503
DNAPK	3	iaa	16	22267503
XPF	6	iaaiaa	3544668469065756976	22267503
FANCJBRCA1	4	aaaa	1911	22267503
PCNATLS	4	aaii	136	22267503
ADD	5	aaaia	67947724	22267503
USP1	4	aaia	17484	22267503
FAN1	2	aa	1	22267503
FAcore	4	aaia	1092	22267503
RAD51	3	iaa	16	22267503
FANCD1N	4	aiaa	4181	22267503
ICL	2	ia	4	22267503
CHK1	4	aaia	19660	22267503
H2AX	5	aaiaa	273698896	22267503
MUS81	1	a	1	22267503
HRR	5	aiaaa	256	22267503
BRCA1	5	aaaia	71582788	22267503
CHK2	4	aaia	19660	22267503
p53	6	aaaaia	4919132337239510220	22267503
IL2R	1	a	1	26408858
HEB	1	a	1	26408858
Notch1	1	a	1	26408858
Gfi1	1	a	1	26408858
Ikaros	1	a	1	26408858
ThPOK	9	aaaaaaaaa	6676080144804181343891900386679888470926058682948071544767371025025535253306848773285573837900088836764645666002991598462687996223594748037244241517215743	26408858
Tbet	5	aaaaa	1879048192	26408858
Runx3	4	aaaa	2819	26408858
RORgt	6	aaaaaa	264308314601620227	26408858
GATA3	8	aaaaaaaa	34375776492328245521374701619840483877621171394230651624545534747156487864320	26408858
Foxp3	7	aaaaaaa	11339976339040063550548717369007538176	26408858
CD4	5	aaaaa	1275120640	26408858
CD8	6	aaaaaa	614741351426686976	26408858
IL17	1	a	1	26408858
TCF1	1	a	1	26408858
CD19	1	a	1	26408858
Pax5	6	aaaaaa	176059299397632	26408858
Gzmb	1	a	1	26408858
EOMES	3	aaa	19	26408858
IRAK	1	a	1	26408858
IL18R	2	aa	2	26408858
IL6	1	a	1	26408858
ERK	2	aa	7	26408858
Flt3	3	aaa	42	26408858
Ebf1	2	aa	2	26408858
Runx1	5	aaaaa	8388608	26408858
PU1	3	iia	85	26408858
Irf4	4	aaaa	1036	26408858
Bcl6	4	aaaa	512	26408858
IL21R	1	a	1	26408858
Blimp1	4	aaaa	8192	26408858
IL27R	1	a	1	26408858
FR4	2	aa	1	26408858
STAT6	1	a	1	26408858
IFNg	5	aaaaa	1894838512	26408858
STAT3	4	aaaa	32767	26408858
STAT4	2	aa	4	26408858
JAK1	1	a	1	26408858
IFNgR	1	a	1	26408858
JAK3	3	aaa	42	26408858
IL7R	2	aa	2	26408858
IL6R	1	a	1	26408858
IFNbR	1	a	1	26408858
IL4R	2	aa	2	26408858
IL4	2	aa	2	26408858
SOCS1	2	aa	7	26408858
Helios	1	a	1	26408858
NFkB	1	a	1	26408858
STAT5	3	aaa	42	26408858
Bach2	2	aa	7	26408858
TGFb	1	a	1	26408858
SMAD3	2	aa	4	26408858
SMAD2	1	a	1	26408858
IL12R	2	aa	2	26408858
TGFbR	1	a	1	26408858
TNFa	1	a	1	26408858
XBP1	1	a	1	26408858
IL10R	1	a	1	26408858
IL10	1	a	1	26408858
Bcl11b	2	aa	1	26408858
NFAT	1	a	1	26408858
Prf1	1	a	1	26408858
Bcl2	2	aa	7	26408858
STAT1	3	aaa	127	26408858
TNFR2	1	a	1	26408858
IL23R	1	a	1	26408858
AKT	1	a	1	26408858
p53	4	aaia	19660	26385365
ATR	3	aia	76	26385365
CHKREC	8	iiiaaiaa	112173586421690117652376143369500400616712297704542022532758497542419171508224	26385365
NHEJ	5	iaiia	4194304	26385365
ATM	4	aiai	8352	26385365
ICL	2	ia	4	26385365
DSB	5	iiiaa	1879048192	26385365
NUC2	7	aaiaaaa	1334440579713534223399502545178005248	26385365
FAHRR	4	aaai	770	26385365
HRR2	7	iaiaaaa	4974729747714199053915914240	26385365
NUC1	2	aa	1	26385365
FANCD2I	5	aaiaa	5263440	26385365
TLS	3	aia	12	26385365
ADD	3	aai	42	26385365
FAcore	4	aaia	1092	26385365
Ara+	3	aaa	21	28639170
Am	3	aaa	31	28639170
A	2	aa	1	28639170
E	1	a	1	28639170
MS	3	aai	3	28639170
T	1	a	1	28639170
C	1	i	2	28639170
MT	2	aa	1	28639170
L	2	ia	4	28639170
Drk	2	aa	1	23868318
Stumps	2	aa	7	23868318
Htl	2	aa	7	23868318
Btl	1	a	1	23868318
Aop	1	i	2	23868318
Rl	2	aa	1	23868318
Gap	1	a	1	23868318
PLCg	1	a	1	23868318
Pnt	1	a	1	23868318
Raf	4	aaaa	1	23868318
Ras	3	aaa	51	23868318
Dsor1	1	a	1	23868318
Sos	1	a	1	23868318
Targets	2	ia	4	23868318
ErbB2_3	2	aa	1	19118495
ErbB2	1	a	1	19118495
ErbB3	1	a	1	19118495
CDK6	1	a	1	19118495
CycD1	4	aaaa	259	19118495
Akt1	5	aaaaa	2147483647	19118495
ErbB1_2	2	aa	1	19118495
ErbB1_3	2	aa	1	19118495
IGF1R	3	aai	42	19118495
ErbB1	1	a	1	19118495
ERa	2	aa	7	19118495
MEK1	5	aaaaa	2147483647	19118495
CDK2	3	aii	8	19118495
CycE1	1	a	1	19118495
p21	4	iiia	16384	19118495
p27	5	iiiia	1073741824	19118495
cMYC	3	aaa	127	19118495
pRB	3	aaa	17	19118495
CDK4	3	aii	8	19118495
SMBF	4	iaaa	32512	19185585
Cln3	1	i	2	19185585
Clb2	6	aiiiaa	1157442700462583808	19185585
Cln2	1	a	1	19185585
Yhp1	1	a	1	19185585
Cdh1	4	aiii	33023	19185585
Cdc14	2	aa	1	19185585
Clb5	3	iia	80	19185585
CD	4	iaaa	256	19185585
M	4	iaaa	14080	19185585
FEAR	1	a	1	19185585
Cdc20	3	aaa	1	19185585
CKI	6	aaiiia	4611897126091609429	19185585
Swi5	3	aia	69	19185585
B	4	aiaa	28912	19185585
SFF	6	aiiiaa	1229782942020137233	19185585
S	4	iaaa	32512	19185585
MEN	2	aa	1	19185585
DHH	1	a	1	26573569
SOX9	10	aiaiaaaaai	24342303927318518904898230102525626867769999064201757341787599970728347892801006080341653219743177438725732920914622339467913151896851147837014968695748821400079046811331088755048663421394530512476782511909084738013517845434600112070632813969240795030492761606021359476951243014859753690836466939416048304128	26573569
DKK1	2	aa	7	26573569
SRY	8	aiaaaaaa	7235349132933696806802753521082910275923194470317757464747470126111711559680	26573569
GATA4	4	aaaa	32767	26573569
UGR	3	iai	32	26573569
NR5A1	6	aaiaaa	6867144787763199948	26573569
WNT4	6	aiiaaa	9151314447095037952	26573569
WT1mKTS	2	aa	7	26573569
NR0B1	5	aiaaa	1431336816	26573569
CTNNB1	5	aaiia	1154236608	26573569
PGD2	1	a	1	26573569
FOXL2	4	aiia	64	26573569
FGF9	2	ai	2	26573569
CBX2	4	aiaa	13106	26573569
WT1pKTS	4	aaai	16170	26573569
RSPO1	3	aia	76	26573569
AMH	6	aaiaaa	3311419785984	26573569
DMRT1	3	iaa	112	26573569
SO_3	2	aa	1	27542373
HATPase_3	8	iaaaaaaa	2298702998362069446380729737451343581987627467146702035622237938805786017792	27542373
Kv	1	a	1	27542373
Cac_high	4	aiaa	112	27542373
CaIc	2	aa	7	27542373
CaATPase	1	a	1	27542373
CaR	2	aa	7	27542373
PMV_pos	8	aaaaaaia	34382871595835434013649416305517645103450196811170086757693496646300988621892	27542373
HATPase_1	7	iaaaaaa	109065250908829941993168864278478848	27542373
HATPase_2	8	iaaaaaaa	113080045843856965306472083306590066147126153291197210422036438178619981824	27542373
KEV	2	aa	1	27542373
PMV_neg	8	aaaaaiaa	22028522613943471670925341376976724709288013379414276386818799304382884085760	27542373
AnionCh	7	aaiaaaa	228622104081685924639734175310522548995	27542373
Kc	9	aiaaaaaia	9827414390837963117801099761208972444664817522074501316861318844889646830954685730536922996137834648881565274429647862663383430825270642448353987660	27542373
Kin	6	aiaaaa	6147432253209204048	27542373
Kout	7	aaaaiai	68051281008099786424962438767305765683	27542373
AnionCh_high	5	aiaaa	521273105	27542373
PLD_high	2	aa	1	27542373
NO	2	aa	1	27542373
phph_high	2	aa	1	27542373
PLA2	3	aaa	127	27542373
PK_1	5	aaaaa	503710208	27542373
PK_2	5	aaaaa	3810135040	27542373
FFA	1	a	1	27542373
phph	2	aa	7	27542373
PK_3	5	aaaaa	33817600	27542373
PLC	3	aaa	55	27542373
Cac	4	aiaa	28927	27542373
ABI1	1	i	2	27542373
ROS	3	iaa	16	27542373
MCPS_high	4	aaaa	21	27542373
Ci	4	iaai	2819	27542373
Ci_sup	4	aaaa	1807	27542373
PP1cc_3	4	aaaa	53794	27542373
phot1_complex	1	a	1	27542373
PLD	2	aa	7	27542373
carbfix	3	aaa	21	27542373
SO_1	2	aa	1	27542373
carbfix_high	3	aaa	21	27542373
PP1cc_1	2	aa	7	27542373
PP1cc_2	4	aaai	43144	27542373
MCPS	4	aaaa	5439	27542373
SO_2	3	aaa	71	27542373
sucrose	2	ia	4	27542373
